pair,htf_timeframe,direction,entry_type,pivot_time,valid_time,gap_touch_time,entry_time,exit_time,duration_days,pivot_price,extreme_price,near_price,gap_pips,wick_diff_pips,wick_diff_pct,total_refinements,priority_refinement_tf,entry_price,sl_price,tp_price,exit_price,final_rr,sl_distance_pips,tp_distance_pips,exit_type,pnl_pips,pnl_r,win_loss,mfe_pips,mae_pips,lots
CADJPY,M,bullish,direct_touch,2010-07-01,2010-08-02,2010-08-06 12:00:00,2010-08-11 11:00:00,2010-08-24 07:00:00,12.833333333333334,83.124,81.614,82.994,151.0,137.99999999999957,91.3907284768209,7,W,81.766,79.85400000000001,84.634,79.85400000000001,1.5,191.1999999999992,286.7999999999995,sl,-191.1999999999992,-1.0,loss,175.79999999999956,196.9999999999999,0.0052301255230125
NZDCAD,M,bearish,direct_touch,2010-08-02,2010-09-01,2010-09-01 01:00:00,2010-09-02 13:00:00,2010-10-18 08:00:00,45.791666666666664,0.74699,0.76079,0.75423,138.0,65.6000000000001,47.53623188405805,7,3D,0.75421,0.7682233333333334,0.73319,0.7682233333333334,1.5,140.1333333333332,210.2000000000004,sl,-140.1333333333332,-1.0,loss,125.900000000001,142.09999999999943,0.7136060894386305
EURUSD,M,bearish,direct_touch,2010-08-02,2010-09-01,2010-09-16 08:00:00,2010-09-22 00:00:00,2010-09-30 09:00:00,8.375,1.30632,1.33352,1.31064,272.0,228.8000000000001,84.11764705882358,11,W,1.33076,1.3651866666666663,1.27912,1.3651866666666663,1.5,344.266666666666,516.3999999999991,sl,-344.266666666666,-1.0,loss,40.000000000000036,366.4,0.2904725019364839
GBPUSD,M,bearish,direct_touch,2010-08-02,2010-09-01,2010-09-17 05:00:00,2010-10-07 11:00:00,2010-12-22 13:00:00,76.08333333333333,1.57111,1.59982,1.57224,287.09999999999997,275.7999999999994,96.06408916753722,11,W,1.59964,1.6378,1.5424,1.5424,1.5,381.5999999999997,572.3999999999995,tp,572.3999999999995,1.5,win,577.9999999999985,303.20000000000124,0.2620545073375264
CADJPY,M,bearish,direct_touch,2010-12-01,2011-01-03,2011-01-03 00:00:00,2011-01-07 12:00:00,2011-03-16 21:00:00,68.375,81.536,84.2,83.134,266.40000000000003,106.60000000000024,40.0150150150151,12,3D,84.003,87.42366666666666,78.872,78.872,1.5,342.0666666666662,513.1,tp,513.1,1.500000000000002,win,666.7000000000002,160.8999999999995,0.0029234067433248
AUDJPY,M,bearish,direct_touch,2011-01-03,2011-02-01,2011-02-03 14:00:00,2011-02-04 17:00:00,2011-02-17 16:00:00,12.958333333333334,82.874,83.6855,83.3795,81.14999999999999,30.60000000000116,37.70794824399403,4,3D,83.3705,84.2425,82.0625,84.2425,1.5,87.19999999999999,130.8000000000007,sl,-87.19999999999999,-1.0,loss,42.65000000000043,90.94999999999942,0.0114678899082568
NZDCAD,M,bullish,direct_touch,2010-12-01,2011-01-03,2011-01-04 11:00:00,2011-02-14 14:00:00,2011-03-04 10:00:00,17.833333333333332,0.76236,0.73944,0.75721,229.2,177.7000000000006,77.53054101221667,15,W,0.74399,0.7164633333333333,0.7852800000000001,0.7164633333333333,1.5,275.266666666667,412.9000000000005,sl,-275.266666666667,-1.0,loss,109.3999999999995,279.59999999999985,0.3632840881569383
GBPNZD,M,bearish,direct_touch,2010-09-01,2010-10-01,2011-03-02 01:00:00,2011-03-04 02:00:00,2011-03-11 13:00:00,7.458333333333333,2.19548,2.22575,2.19878,302.7,269.69999999999936,89.09811694747255,7,H4,2.20806,2.236626666666667,2.16521,2.16521,1.5,285.6666666666685,428.5000000000005,tp,428.5000000000005,1.4999999999999922,win,435.40000000000134,88.90000000000065,0.3500583430571739
EURUSD,M,bearish,direct_touch,2010-11-01,2010-12-01,2011-03-03 13:00:00,2011-04-04 00:00:00,2011-04-26 16:00:00,22.666666666666668,1.3962,1.42822,1.41592,320.2,122.99999999999976,38.41349156777007,4,D,1.42488,1.4653466666666664,1.3641800000000002,1.4653466666666664,1.5,404.66666666666424,606.9999999999975,sl,-404.66666666666424,-1.0,loss,96.9999999999982,408.80000000000024,0.2471169686985187
EURAUD,M,bearish,direct_touch,2011-04-01,2011-05-02,2011-05-04 10:00:00,2011-05-04 15:00:00,2011-07-27 12:00:00,83.875,1.37073,1.43444,1.38788,637.1,465.59999999999934,73.08114895620771,21,W,1.37977,1.4408109999999998,1.30702,1.30702,1.191821890204944,610.409999999999,727.4999999999986,tp,727.4999999999986,1.191821890204944,win,728.1000000000004,131.30000000000086,0.1638243148048036
EURAUD,M,bullish,direct_touch,2011-01-03,2011-02-01,2011-07-27 07:00:00,2011-07-28 09:00:00,2011-08-03 01:00:00,5.666666666666667,1.30814,1.29279,1.29325,153.5,4.599999999999049,2.9967426710091525,4,W,1.29446,1.2751066666666666,1.32349,1.32349,1.5,193.53333333333333,290.3000000000011,tp,290.3000000000011,1.5000000000000056,win,320.59999999999974,15.600000000000058,0.5167068549776094
AUDJPY,M,bullish,direct_touch,2010-09-01,2010-10-01,2011-09-22 10:00:00,2011-09-23 12:00:00,2011-09-27 14:00:00,4.083333333333333,74.99,73.5785,74.937,141.15,135.84999999999923,96.2451292950756,6,3D,73.747,71.97733333333333,76.4015,76.4015,1.5,176.96666666666658,265.4499999999999,tp,265.4499999999999,1.5,win,274.2999999999995,35.39999999999992,0.0056507816914673
NZDUSD,M,bullish,direct_touch,2011-10-03,2011-11-01,2011-11-17 14:00:00,2011-11-17 17:00:00,2011-11-21 15:00:00,3.9166666666666665,0.76136,0.74698,0.76078,143.8,138.00000000000034,95.96662030598075,3,H4,0.75783,0.7455419999999999,0.77574,0.7455419999999999,1.4575195312499891,122.88000000000076,179.0999999999998,sl,-122.88000000000076,-1.0,loss,71.4999999999999,129.09999999999977,0.8138020833333283
NZDJPY,M,bullish,direct_touch,2011-10-03,2011-11-01,2011-11-17 01:00:00,2011-11-18 05:00:00,2011-11-30 13:00:00,12.333333333333334,58.703,57.344,58.2625,135.9,91.85000000000016,67.58646063281837,5,H4,58.218,56.98866666666667,60.062000000000005,60.062000000000005,1.5,122.93333333333364,184.40000000000012,tp,184.40000000000012,1.4999999999999971,win,222.49999999999943,118.20000000000022,0.0081344902386116
USDCHF,M,bearish,direct_touch,2011-10-03,2011-11-01,2011-11-09 19:00:00,2011-11-25 13:00:00,2011-12-14 15:00:00,19.083333333333332,0.91079,0.93155,0.91827,207.6,132.7999999999996,63.96917148362215,7,W,0.92759,0.95263,0.89003,0.95263,1.5,250.4000000000006,375.6000000000003,sl,-250.4000000000006,-1.0,loss,209.90000000000063,256.4999999999995,0.3993610223642163
CHFJPY,M,bullish,direct_touch,2011-10-03,2011-11-01,2011-11-15 03:00:00,2011-12-13 15:00:00,2012-02-19 20:00:00,68.20833333333333,84.653,82.4195,83.085,223.34999999999997,66.54999999999944,29.79628385941323,8,W,82.778,80.039,86.88650000000001,86.88650000000001,1.5,273.90000000000043,410.85000000000065,tp,410.85000000000065,1.5,win,418.9999999999998,273.0000000000004,0.0036509675063891
CADJPY,M,bearish,direct_touch,2011-11-01,2011-12-01,2012-02-09 19:00:00,2012-02-17 01:00:00,2012-02-24 21:00:00,7.833333333333333,78.108,79.653,79.09,154.5,56.30000000000024,36.440129449838345,1,H1,79.371,81.243,76.563,81.243,1.5,187.2,280.7999999999993,sl,-187.2,-1.0,loss,10.699999999999932,190.00000000000057,0.0053418803418803
AUDUSD,M,bearish,direct_touch,2012-08-01,2012-09-03,2012-09-12 09:00:00,2012-09-14 01:00:00,2012-09-20 05:00:00,6.166666666666667,1.05034,1.06134,1.05385,110.0,74.89999999999996,68.09090909090907,8,H4,1.05764,1.0698399999999997,1.0393400000000002,1.0393400000000002,1.5,121.99999999999766,182.9999999999976,tp,182.9999999999976,1.500000000000009,win,196.89999999999984,48.00000000000137,0.8196721311475568
CADJPY,M,bearish,direct_touch,2012-04-02,2012-05-01,2012-11-22 08:00:00,2012-12-13 03:00:00,2012-12-31 17:00:00,18.583333333333332,82.978,84.968,83.692,199.0,127.60000000000105,64.1206030150759,7,W,84.729,87.223,80.988,87.223,1.5,249.4,374.1,sl,-249.4,-1.0,loss,21.699999999999875,265.9000000000006,0.004009623095429
AUDJPY,M,bearish,direct_touch,2012-03-01,2012-04-02,2012-12-12 06:00:00,2012-12-16 19:00:00,2013-01-02 01:00:00,16.25,87.091,88.637,87.5435,154.6,109.3500000000006,70.73091849935355,9,W,88.5875,90.61583333333336,85.54499999999999,90.61583333333336,1.5,202.83333333333505,304.2500000000018,sl,-202.83333333333505,-1.0,loss,104.65000000000089,239.54999999999984,0.0049301561216104
EURJPY,M,bearish,direct_touch,2012-04-02,2012-05-01,2012-12-18 15:00:00,2012-12-18 16:00:00,2012-12-19 09:00:00,0.7083333333333334,110.938,111.4355,111.1405,49.75,29.50000000000017,59.29648241206065,1,H1,111.214,111.814,110.4405,111.814,1.2891666666666763,59.99999999999943,77.34999999999985,sl,-59.99999999999943,-1.0,loss,26.500000000000057,72.40000000000038,0.0166666666666668
GBPJPY,M,bearish,direct_touch,2011-05-02,2011-06-01,2012-12-17 00:00:00,2012-12-31 13:00:00,2013-01-31 21:00:00,31.333333333333332,135.566,140.029,136.119,446.3,390.99999999999966,87.60923145866002,15,W,139.5635,145.20383333333334,131.103,145.20383333333334,1.5,564.0333333333331,846.0499999999996,sl,-564.0333333333331,-1.0,loss,38.55000000000075,596.0499999999996,0.0017729448614148
CADJPY,M,bearish,direct_touch,2011-05-02,2011-06-01,2012-12-26 13:00:00,2013-01-04 09:00:00,2013-02-05 12:00:00,32.125,85.915,89.533,86.091,361.7999999999999,344.2000000000007,95.13543394140429,18,W,89.128,93.682,82.29700000000001,93.682,1.5,455.3999999999988,683.0999999999989,sl,-455.3999999999988,-1.0,loss,114.60000000000008,461.1000000000004,0.0021958717610891
AUDUSD,M,bearish,direct_touch,2012-12-03,2013-01-01,2013-01-02 01:00:00,2013-01-10 09:00:00,2013-02-08 00:00:00,28.625,1.04264,1.05855,1.04899,159.1,95.60000000000012,60.087994971715986,9,W,1.05731,1.0776966666666667,1.02673,1.02673,1.5,203.86666666666775,305.8000000000005,tp,305.8000000000005,1.499999999999995,win,312.2000000000002,25.600000000001177,0.4905166775670347
EURJPY,M,bearish,direct_touch,2011-05-02,2011-06-01,2013-01-17 18:00:00,2013-01-30 08:00:00,2013-02-05 20:00:00,6.5,120.171,123.3275,121.034,315.65,229.34999999999943,72.65959131949927,11,W,123.0855,127.13283333333332,117.0145,127.13283333333332,1.5,404.7333333333327,607.0999999999983,sl,-404.7333333333327,-1.0,loss,10.150000000000148,411.6500000000002,0.0024707626420688
GBPCHF,M,bullish,direct_touch,2011-11-01,2011-12-01,2013-02-20 09:00:00,2013-02-21 05:00:00,2013-03-25 17:00:00,32.5,1.41074,1.38094,1.4046,298.0,236.60000000000016,79.39597315436247,9,3D,1.40688,1.37796,1.4405400000000002,1.4405400000000002,1.1639004149377743,289.19999999999834,336.6000000000024,tp,336.6000000000024,1.1639004149377743,win,338.90000000000197,102.0999999999983,0.3457814661134183
GBPAUD,M,bullish,direct_touch,2012-08-01,2012-09-03,2013-02-19 15:00:00,2013-02-22 21:00:00,2013-03-12 09:00:00,17.5,1.49268,1.47104,1.48686,216.4,158.2000000000017,73.1053604436237,11,3D,1.47266,1.4448866666666669,1.51432,1.4448866666666669,1.5,277.73333333333426,416.6000000000003,sl,-277.73333333333426,-1.0,loss,156.79999999999916,316.4000000000011,0.3600576092174736
NZDJPY,M,bearish,direct_touch,2013-02-01,2013-03-01,2013-03-01 15:00:00,2013-03-08 12:00:00,2013-04-07 21:00:00,30.375,76.929,79.642,76.9965,271.3,264.54999999999984,97.51197935864352,8,3D,79.3825,82.82683333333331,74.21600000000001,82.82683333333331,1.5,344.43333333333186,516.6499999999985,sl,-344.43333333333186,-1.0,loss,196.14999999999867,354.15000000000134,0.0029033194619181
EURJPY,M,bearish,direct_touch,2013-02-01,2013-03-01,2013-03-07 16:00:00,2013-03-08 13:00:00,2013-03-25 16:00:00,17.125,124.5265,127.7115,124.603,318.5,310.85000000000065,97.59811616954497,11,3D,125.8995,128.9381666666667,121.3415,121.3415,1.5,303.86666666666855,455.8000000000007,tp,455.8000000000007,1.499999999999993,win,531.55,13.84999999999934,0.0032909170688898
AUDUSD,M,bullish,direct_touch,2013-03-01,2013-04-01,2013-05-07 04:00:00,2013-05-09 18:00:00,2013-05-10 14:00:00,0.8333333333333334,1.02149,1.01154,1.01832,99.5,67.79999999999787,68.14070351758579,3,H4,1.01168,0.9985066666666664,1.03144,0.9985066666666664,1.5,131.7333333333337,197.6,sl,-131.7333333333337,-1.0,loss,46.800000000000175,151.5999999999995,0.7591093117408886
USDCHF,M,bearish,direct_touch,2013-04-01,2013-05-01,2013-05-09 18:00:00,2013-05-10 07:00:00,2013-05-14 16:00:00,4.375,0.94942,0.9567,0.95271,72.8,39.90000000000049,54.80769230769298,4,D,0.95484,0.9633066666666666,0.94214,0.9633066666666666,1.5,84.66666666666622,126.99999999999932,sl,-84.66666666666622,-1.0,loss,50.499999999999986,95.80000000000032,1.1811023622047307
NZDUSD,M,bullish,direct_touch,2013-03-01,2013-04-01,2013-05-13 15:00:00,2013-05-14 12:00:00,2013-05-17 01:00:00,2.5416666666666665,0.82486,0.81628,0.82242,85.8,61.40000000000034,71.56177156177196,6,3D,0.82172,0.8139066666666667,0.8334400000000001,0.8139066666666667,1.5,78.13333333333338,117.20000000000064,sl,-78.13333333333338,-1.0,loss,54.69999999999975,122.10000000000052,1.2798634812286682
AUDUSD,M,bullish,direct_touch,2012-06-01,2012-07-02,2013-05-17 06:00:00,2013-05-23 01:00:00,2013-06-06 02:00:00,14.041666666666666,0.97334,0.95824,0.96738,151.0,91.40000000000036,60.52980132450355,2,H4,0.96304,0.9461066666666668,0.98844,0.9461066666666668,1.5,169.33333333333354,253.99999999999977,sl,-169.33333333333354,-1.0,loss,161.40000000000043,181.00000000000003,0.5905511811023615
CADJPY,M,bullish,direct_touch,2013-07-01,2013-08-01,2013-08-06 14:00:00,2013-08-07 13:00:00,2013-09-10 10:00:00,33.875,94.23,91.798,94.212,243.2,241.40000000000015,99.2598684210527,10,D,92.802,90.22866666666668,96.662,96.662,1.5,257.33333333333377,385.99999999999994,tp,385.99999999999994,1.4999999999999971,win,393.39999999999975,52.80000000000058,0.0038860103626942
EURUSD,M,bearish,direct_touch,2013-08-01,2013-09-02,2013-09-11 14:00:00,2013-09-18 18:00:00,2013-09-19 08:00:00,0.5833333333333334,1.33025,1.3452,1.33452,149.5,106.80000000000022,71.43812709030117,9,3D,1.33977,1.3560833333333333,1.3153,1.3560833333333333,1.5,163.133333333334,244.6999999999999,sl,-163.133333333334,-1.0,loss,22.499999999998632,171.10000000000178,0.6129955046996296
USDCHF,M,bullish,direct_touch,2013-08-01,2013-09-02,2013-09-16 00:00:00,2013-09-18 18:00:00,2013-09-27 12:00:00,8.75,0.92621,0.91473,0.92284,114.8,81.0999999999995,70.64459930313546,11,3D,0.91714,0.90344,0.93769,0.90344,1.5,137.00000000000043,205.50000000000068,sl,-137.00000000000043,-1.0,loss,57.000000000000384,139.5999999999997,0.7299270072992676
USDCHF,M,bullish,direct_touch,2013-02-01,2013-03-01,2013-09-19 07:00:00,2013-09-27 10:00:00,2013-10-01 06:00:00,3.8333333333333335,0.90996,0.90223,0.90758,77.3,53.50000000000077,69.21086675291174,4,H4,0.90728,0.9003399999999999,0.91769,0.9003399999999999,1.5,69.40000000000057,104.10000000000028,sl,-69.40000000000057,-1.0,loss,13.300000000000534,79.09999999999972,1.4409221902017173
EURUSD,M,bearish,direct_touch,2013-02-01,2013-03-01,2013-10-01 06:00:00,2013-10-02 13:00:00,2013-10-22 12:00:00,19.958333333333332,1.35774,1.3711,1.35944,133.6,116.60000000000004,87.27544910179643,7,D,1.35961,1.372436,1.34438,1.372436,1.1874317791985087,128.26000000000005,152.30000000000075,sl,-128.26000000000005,-1.0,loss,123.50000000000082,152.30000000000075,0.7796663028223917
NZDJPY,M,bearish,direct_touch,2013-10-01,2013-11-01,2013-11-01 20:00:00,2013-11-18 07:00:00,2014-01-08 14:00:00,51.291666666666664,81.5035,83.979,83.6795,247.55,29.949999999999477,12.09856594627327,1,H1,83.89,87.13133333333333,79.028,87.13133333333333,1.5,324.133333333333,486.1999999999995,sl,-324.133333333333,-1.0,loss,172.79999999999944,328.19999999999965,0.0030851501439736
GBPUSD,M,bearish,direct_touch,2013-10-01,2013-11-01,2013-11-21 21:00:00,2013-11-27 09:00:00,2013-11-28 08:00:00,0.9583333333333334,1.61856,1.62604,1.62026,74.8,57.79999999999896,77.27272727272589,5,3D,1.62476,1.63388,1.61108,1.63388,1.5,91.20000000000016,136.79999999999913,sl,-91.20000000000016,-1.0,loss,42.40000000000021,98.5999999999998,1.0964912280701735
GBPAUD,M,bearish,direct_touch,2010-07-01,2010-08-02,2013-11-25 07:00:00,2013-12-04 06:00:00,2013-12-27 11:00:00,23.208333333333332,1.77764,1.81436,1.78942,367.2,249.3999999999996,67.9193899782134,4,W,1.8124,1.8600533333333331,1.74092,1.8600533333333331,1.5,476.5333333333333,714.7999999999998,sl,-476.5333333333333,-1.0,loss,230.09999999999977,483.5999999999996,0.2098489087856743
USDCHF,M,bullish,direct_touch,2013-10-01,2013-11-01,2013-11-27 09:00:00,2013-12-10 02:00:00,2014-09-02 08:00:00,266.25,0.90488,0.88902,0.90212,158.6,131.0,82.59773013871376,12,3D,0.88933,0.8683899999999999,0.92074,0.92074,1.5,209.4000000000007,314.1000000000005,tp,314.1000000000005,1.4999999999999971,win,315.3000000000006,194.09999999999928,0.4775549188156622
GBPUSD,M,bearish,direct_touch,2014-01-01,2014-02-03,2014-02-12 14:00:00,2014-02-12 15:00:00,2014-02-14 08:00:00,1.7083333333333333,1.6566,1.66686,1.65784,102.6,90.20000000000029,87.91423001949344,4,H1,1.65833,1.667886,1.64634,1.667886,1.2547090832984589,95.55999999999898,119.89999999999944,sl,-95.55999999999898,-1.0,loss,26.70000000000172,133.0999999999993,1.0464629552113969
GBPUSD,M,bearish,direct_touch,2014-03-03,2014-04-01,2014-04-08 13:00:00,2014-04-09 18:00:00,2014-04-15 08:00:00,5.583333333333333,1.67438,1.68227,1.6786,78.89999999999999,36.6999999999984,46.51457541191179,5,H4,1.67723,1.68439,1.66649,1.66649,1.5,71.60000000000055,107.39999999999972,tp,107.39999999999972,1.4999999999999845,win,113.30000000000062,48.60000000000086,1.3966480446927267
CHFJPY,M,bullish,direct_touch,2014-06-02,2014-07-01,2014-07-08 13:00:00,2014-07-16 17:00:00,2014-07-23 01:00:00,6.333333333333333,113.652,113.021,113.0665,63.1,4.550000000000409,7.210776545167051,1,3D,113.144,112.38466666666667,114.283,112.38466666666667,1.5,75.93333333333305,113.89999999999958,sl,-75.93333333333305,-1.0,loss,8.599999999999852,81.60000000000025,0.0131694468832309
AUDNZD,M,bearish,direct_touch,2014-06-02,2014-07-01,2014-07-24 00:00:00,2014-07-29 04:00:00,2014-08-24 21:00:00,26.708333333333332,1.09584,1.10357,1.0983,77.3,52.69999999999886,68.1759379042676,9,W,1.10234,1.111826666666667,1.08811,1.111826666666667,1.5,94.86666666666864,142.30000000000186,sl,-94.86666666666864,-1.0,loss,106.10000000000008,143.59999999999928,1.0541110330287904
EURJPY,M,bullish,direct_touch,2014-02-03,2014-03-03,2014-07-10 13:00:00,2014-08-06 16:00:00,2014-09-12 15:00:00,36.958333333333336,137.607,136.23,137.5085,137.7,127.85000000000082,92.846768336965,6,3D,136.3565,134.60483333333335,138.984,138.984,1.5,175.16666666666652,262.7499999999998,tp,262.7499999999998,1.5,win,265.54999999999893,62.55000000000166,0.005708848715509
GBPUSD,M,bullish,direct_touch,2014-04-01,2014-05-01,2014-08-14 07:00:00,2014-08-21 04:00:00,2014-09-04 15:00:00,14.458333333333334,1.66638,1.64602,1.65526,203.6,92.39999999999914,45.38310412573632,10,W,1.65654,1.6364066666666666,1.68674,1.6364066666666666,1.5,201.33333333333337,302.00000000000006,sl,-201.33333333333337,-1.0,loss,79.20000000000148,221.99999999999997,0.4966887417218543
USDJPY,M,bearish,direct_touch,2014-04-01,2014-05-01,2014-08-20 03:00:00,2014-08-22 14:00:00,2014-09-04 16:00:00,13.083333333333334,103.2235,104.1295,103.7635,90.6,36.599999999999966,40.39735099337744,1,D,104.117,105.31666666666668,102.3175,105.31666666666668,1.5,119.96666666666728,179.9500000000009,sl,-119.96666666666728,-1.0,loss,56.100000000000705,125.09999999999906,0.0083356487913308
EURAUD,M,bullish,direct_touch,2013-11-01,2013-12-02,2014-06-12 15:00:00,2014-08-28 09:00:00,2014-10-16 09:00:00,49.0,1.43642,1.40506,1.41244,313.59999999999997,73.79999999999941,23.53316326530594,2,H4,1.4088,1.36948,1.46778,1.46778,1.5,393.2000000000002,589.8000000000003,tp,589.8000000000003,1.5,win,618.3000000000005,286.30000000000155,0.2543234994913528
CADJPY,M,bearish,direct_touch,2014-07-01,2014-08-01,2014-08-22 01:00:00,2014-09-02 01:00:00,2014-09-17 04:00:00,15.125,94.957,96.228,95.182,127.1,104.59999999999924,82.29740361919688,15,3D,96.122,97.746,93.686,97.746,1.5,162.40000000000094,243.6000000000007,sl,-162.40000000000094,-1.0,loss,15.399999999999636,163.29999999999956,0.0061576354679802
EURUSD,M,bullish,direct_touch,2013-09-02,2013-10-01,2014-08-22 14:00:00,2014-09-04 11:00:00,2014-09-04 14:00:00,0.125,1.32212,1.3105,1.31732,116.2,68.20000000000049,58.69191049913983,4,D,1.31104,1.2959066666666668,1.33374,1.2959066666666668,1.5,151.3333333333322,226.9999999999994,sl,-151.3333333333322,-1.0,loss,29.399999999999427,154.39999999999898,0.6607929515418551
GBPUSD,M,bullish,direct_touch,2014-02-03,2014-03-03,2014-09-03 16:00:00,2014-09-07 21:00:00,2014-10-03 12:00:00,25.625,1.64412,1.6252,1.63096,189.2,57.59999999999987,30.44397463002107,2,H4,1.62634,1.601873333333333,1.66304,1.601873333333333,1.5,244.66666666666856,367.00000000000176,sl,-244.66666666666856,-1.0,loss,261.60000000000184,262.0,0.4087193460490431
USDCHF,M,bearish,direct_touch,2013-09-02,2013-10-01,2014-09-04 14:00:00,2014-09-24 19:00:00,2014-10-03 13:00:00,8.75,0.9299,0.94555,0.93967,156.5,58.79999999999996,37.57188498402553,2,D,0.9455,0.9663333333333334,0.91425,0.9663333333333334,1.5,208.33333333333368,312.5000000000011,sl,-208.33333333333368,-1.0,loss,6.199999999999539,215.99999999999952,0.4799999999999992
AUDUSD,M,bullish,direct_touch,2014-02-03,2014-03-03,2014-09-26 04:00:00,2014-10-01 02:00:00,2014-10-08 19:00:00,7.708333333333333,0.8755,0.86604,0.87305,94.6,70.09999999999961,74.10147991543299,10,W,0.86776,0.8562933333333334,0.88496,0.88496,1.5,114.66666666666625,171.99999999999991,tp,171.99999999999991,1.5000000000000049,win,172.20000000000013,34.79999999999927,0.8720930232558171
AUDUSD,M,bullish,direct_touch,2010-07-01,2010-08-02,2014-12-03 00:00:00,2014-12-05 18:00:00,2015-01-05 05:00:00,30.458333333333332,0.84072,0.80822,0.83163,325.0,234.09999999999928,72.03076923076902,11,W,0.83174,0.8040866666666667,0.87322,0.8040866666666667,1.5,276.5333333333331,414.7999999999996,sl,-276.5333333333331,-1.0,loss,58.499999999999105,282.10000000000065,0.3616200578592096
NZDUSD,M,bullish,direct_touch,2014-11-03,2014-12-01,2014-12-01 00:00:00,2014-12-08 02:00:00,2015-01-22 18:00:00,45.666666666666664,0.7792,0.76604,0.7714,131.6,53.5999999999992,40.72948328267417,5,3D,0.76679,0.7497433333333333,0.79236,0.7497433333333333,1.5,170.46666666666653,255.69999999999985,sl,-170.46666666666653,-1.0,loss,222.7000000000001,171.00000000000003,0.5866249511145879
NZDUSD,M,bullish,direct_touch,2012-06-01,2012-07-02,2015-01-22 02:00:00,2015-01-23 12:00:00,2015-01-28 20:00:00,5.333333333333333,0.75355,0.74573,0.74578,78.2,0.4999999999999449,0.6393861892582415,0,wick_diff,0.74578,0.7353866666666666,0.7613700000000001,0.7353866666666666,1.5,103.93333333333364,155.90000000000103,sl,-103.93333333333364,-1.0,loss,36.599999999999966,129.00000000000023,0.9621552277100676
NZDJPY,M,bullish,direct_touch,2014-10-01,2014-11-03,2015-01-30 08:00:00,2015-02-03 04:00:00,2015-02-09 08:00:00,6.166666666666667,85.621,83.366,84.3565,225.49999999999997,99.04999999999971,43.92461197339234,6,H4,84.312,81.936,87.87599999999999,87.87599999999999,1.5,237.59999999999903,356.3999999999993,tp,356.3999999999993,1.5000000000000029,win,356.4999999999998,23.60000000000042,0.0042087542087542
CADCHF,M,bullish,direct_touch,2014-03-03,2014-04-01,2015-03-05 09:00:00,2015-03-05 09:00:00,2015-03-24 14:00:00,19.208333333333332,0.79558,0.7807,0.78957,148.8,88.70000000000044,59.61021505376374,5,D,0.78205,0.7631100000000001,0.81046,0.7631100000000001,1.5,189.39999999999955,284.09999999999934,sl,-189.39999999999955,-1.0,loss,129.7999999999999,193.90000000000015,0.5279831045406559
USDJPY,M,bearish,direct_touch,2015-01-01,2015-02-02,2015-02-11 10:00:00,2015-03-06 13:00:00,2015-05-26 06:00:00,80.70833333333333,119.8845,121.8495,120.741,196.5,110.85000000000063,56.41221374045834,11,W,120.647,122.46533333333336,117.9195,122.46533333333336,1.5,181.83333333333425,272.7500000000006,sl,-181.83333333333425,-1.0,loss,231.5000000000012,204.59999999999923,0.0054995417048579
AUDUSD,M,bullish,direct_touch,2015-02-02,2015-03-02,2015-03-02 02:00:00,2015-03-09 23:00:00,2015-03-24 12:00:00,14.541666666666666,0.77681,0.76264,0.77204,141.7,93.99999999999964,66.33733239237802,5,H4,0.76713,0.75123,0.79098,0.79098,1.5,159.00000000000026,238.50000000000037,tp,238.50000000000037,1.5,win,266.8999999999999,110.50000000000004,0.6289308176100619
GBPUSD,M,bullish,direct_touch,2015-02-02,2015-03-02,2015-03-06 14:00:00,2015-03-11 13:00:00,2015-03-12 16:00:00,1.125,1.5065,1.49512,1.49888,113.79999999999998,37.59999999999985,33.0404217926185,2,D,1.5006,1.48908,1.51788,1.48908,1.5,115.19999999999976,172.7999999999996,sl,-115.19999999999976,-1.0,loss,42.200000000001125,130.50000000000006,0.8680555555555575
USDCAD,M,bearish,direct_touch,2015-02-02,2015-03-02,2015-03-11 14:00:00,2015-03-11 14:00:00,2015-03-12 11:00:00,0.875,1.27301,1.27991,1.27727,69.0,26.400000000001977,38.260869565220254,2,H4,1.27606,1.2826933333333332,1.26611,1.26611,1.5,66.33333333333269,99.49999999999903,tp,99.49999999999903,1.5,win,109.7999999999999,37.400000000000766,1.5075376884422256
NZDUSD,M,bullish,direct_touch,2015-02-02,2015-03-02,2015-03-10 08:00:00,2015-03-11 15:00:00,2015-03-12 05:00:00,0.5833333333333334,0.72594,0.71765,0.72156,82.9,39.09999999999969,47.16525934861241,2,H1,0.72052,0.71138,0.73423,0.73423,1.5,91.40000000000036,137.1,tp,137.1,1.499999999999994,win,139.39999999999952,14.00000000000068,1.0940919037199082
AUDJPY,M,bullish,direct_touch,2015-02-02,2015-03-02,2015-03-31 08:00:00,2015-04-02 00:00:00,2015-04-24 08:00:00,22.333333333333332,91.294,89.376,90.869,191.8,149.2999999999995,77.84150156412905,6,D,90.751,89.11033333333334,93.212,93.212,1.5,164.0666666666661,246.09999999999985,tp,246.09999999999985,1.5000000000000044,win,250.49999999999957,54.700000000001125,0.0060950832994717
GBPNZD,M,bearish,direct_touch,2011-03-01,2011-04-01,2015-06-04 10:00:00,2015-06-17 07:00:00,2015-07-15 16:00:00,28.375,2.16061,2.25321,2.18106,926.0,721.5000000000016,77.91576673866108,15,3D,2.24804,2.36806,2.06801,2.36806,1.5,1200.1999999999978,1800.299999999999,sl,-1200.1999999999978,-1.0,loss,12.4000000000013,1251.7999999999984,0.0833194467588736
GBPNZD,M,bearish,direct_touch,2010-02-01,2010-03-01,2015-06-17 18:00:00,2015-06-17 23:00:00,2015-06-30 11:00:00,12.5,2.27679,2.29924,2.29871,224.5,5.300000000003635,2.3608017817388127,0,wick_diff,2.29871,2.3282899999999995,2.25434,2.3282899999999995,1.5,295.79999999999717,443.69999999999794,sl,-295.79999999999717,-1.0,loss,313.2999999999963,298.8999999999997,0.3380662609871567
EURUSD,M,bearish,direct_touch,2015-07-01,2015-08-03,2015-08-12 08:00:00,2015-08-12 14:00:00,2015-08-24 02:00:00,11.5,1.11381,1.14364,1.1216,298.29999999999995,220.40000000000057,73.88535031847154,7,W,1.11972,1.146623,1.08398,1.146623,1.3284763780991056,269.029999999999,357.40000000000106,sl,-269.029999999999,-1.0,loss,179.80000000000106,298.00000000000045,0.3717057577221885
EURNZD,M,bearish,direct_touch,2013-09-02,2013-10-01,2015-08-24 00:00:00,2015-08-24 00:00:00,2015-08-24 01:00:00,0.0416666666666666,1.71075,1.72778,1.71075,170.29999999999998,170.300000000001,100.0000000000006,3,H1,1.7122,1.729483,1.69372,1.729483,1.069258809234501,172.83000000000158,184.80000000000052,sl,-172.83000000000158,-1.0,loss,-35.00000000000058,190.00000000000128,0.5786032517502695
EURUSD,M,bearish,direct_touch,2015-09-01,2015-10-01,2015-10-02 12:00:00,2015-10-14 12:00:00,2015-11-06 13:00:00,23.041666666666668,1.12111,1.17141,1.14603,502.99999999999994,253.79999999999956,50.457256461232525,12,3D,1.14414,1.1930266666666665,1.07081,1.07081,1.5,488.8666666666652,733.2999999999989,tp,733.2999999999989,1.5000000000000022,win,733.8999999999984,53.800000000001624,0.2045547524887501
CADJPY,M,bullish,direct_touch,2015-10-01,2015-11-02,2015-12-09 13:00:00,2015-12-11 10:00:00,2015-12-14 16:00:00,3.25,90.065,88.886,89.724,117.9,83.80000000000081,71.07718405428398,8,W,89.004,87.51066666666668,91.244,87.51066666666668,1.5,149.33333333333252,223.9999999999995,sl,-149.33333333333252,-1.0,loss,21.399999999999864,154.30000000000064,0.0066964285714286
CHFJPY,M,bullish,direct_touch,2015-12-01,2016-01-01,2016-01-04 07:00:00,2016-01-04 10:00:00,2016-01-05 08:00:00,0.9166666666666666,119.65,118.732,119.289,91.8,55.700000000000216,60.67538126361679,4,H4,119.358,118.55133333333332,120.568,118.55133333333332,1.5,80.6666666666672,121.0000000000008,sl,-80.6666666666672,-1.0,loss,32.39999999999981,87.60000000000048,0.0123966942148759
GBPJPY,M,bullish,direct_touch,2014-02-03,2014-03-03,2016-01-15 13:00:00,2016-01-20 08:00:00,2016-01-29 03:00:00,8.791666666666666,167.67,163.882,167.5845,378.7999999999999,370.24999999999864,97.74287222808834,7,3D,164.2995,159.52716666666666,171.458,171.458,1.5,477.2333333333336,715.8500000000004,tp,715.8500000000004,1.5,win,981.050000000002,31.449999999998113,0.0020954110498009
GBPJPY,M,bullish,direct_touch,2013-11-01,2013-12-02,2016-02-23 10:00:00,2016-02-23 23:00:00,2016-03-03 05:00:00,8.25,157.754,154.731,156.633,302.3,190.20000000000152,62.91763149189597,7,W,156.7645,154.08950000000002,160.777,160.777,1.5,267.4999999999983,401.24999999999886,tp,401.24999999999886,1.500000000000005,win,408.3500000000015,204.1499999999985,0.0037383177570093
AUDUSD,M,bearish,direct_touch,2016-01-01,2016-02-01,2016-03-02 18:00:00,2016-03-03 02:00:00,2016-03-04 13:00:00,1.4583333333333333,0.72938,0.73854,0.73012,91.6,84.19999999999983,91.92139737991248,3,H1,0.73202,0.7398866666666666,0.7202200000000001,0.7398866666666666,1.5,78.66666666666578,117.9999999999992,sl,-78.66666666666578,-1.0,loss,22.79999999999949,93.99999999999964,1.2711864406779805
GBPAUD,M,bullish,direct_touch,2015-05-01,2015-06-01,2016-02-23 19:00:00,2016-03-09 10:00:00,2016-04-14 07:00:00,35.875,1.94196,1.89812,1.90357,438.4,54.499999999999545,12.431569343065592,3,H4,1.89953,1.8420166666666664,1.9858,1.8420166666666664,1.5,575.133333333333,862.7000000000006,sl,-575.133333333333,-1.0,loss,252.90000000000035,584.4999999999989,0.1738727251651792
USDCAD,M,bullish,direct_touch,2015-11-02,2015-12-01,2016-03-17 01:00:00,2016-03-17 07:00:00,2016-04-12 15:00:00,26.333333333333332,1.30767,1.28322,1.30384,244.49999999999997,206.2000000000008,84.33537832310873,14,W,1.30559,1.280775,1.3321200000000002,1.280775,1.0691114245416131,248.1500000000003,265.30000000000166,sl,-248.1500000000003,-1.0,loss,240.29999999999995,270.50000000000017,0.4029820672980048
GBPJPY,M,bullish,direct_touch,2016-03-01,2016-04-01,2016-04-05 08:00:00,2016-04-05 14:00:00,2016-04-07 02:00:00,1.5,156.8375,154.7235,156.206,211.4,148.24999999999875,70.12771996215646,4,D,156.2075,154.3781666666667,158.9515,154.3781666666667,1.5,182.93333333333237,274.4,sl,-182.93333333333237,-1.0,loss,46.04999999999961,211.4500000000021,0.005466472303207
GBPJPY,M,bullish,direct_touch,2016-05-02,2016-06-01,2016-06-03 14:00:00,2016-06-05 21:00:00,2016-06-12 23:00:00,7.083333333333333,155.368,151.659,153.6415,370.9,198.2500000000016,53.4510649770832,4,W,154.338,151.17866666666666,159.077,151.17866666666666,1.5,315.9333333333336,473.9000000000004,sl,-315.9333333333336,-1.0,loss,364.40000000000055,367.1999999999997,0.0031652247309558
GBPNZD,M,bullish,direct_touch,2016-04-01,2016-05-02,2016-06-06 00:00:00,2016-06-08 21:00:00,2016-06-23 23:00:00,15.083333333333334,2.0785,2.03605,2.06498,424.5,289.299999999999,68.15076560659575,6,3D,2.0413,1.9882,2.12095,1.9882,1.5,530.9999999999992,796.5,sl,-530.9999999999992,-1.0,loss,314.9999999999986,535.8000000000018,0.1883239171374767
GBPJPY,M,bullish,direct_touch,2013-03-01,2013-04-01,2016-06-24 02:00:00,2016-06-24 02:00:00,2016-06-24 03:00:00,0.0416666666666666,140.3545,137.836,139.1185,251.85,128.2499999999999,50.923168552709896,1,H1,138.646,135.82799999999995,142.873,135.82799999999995,1.5,281.8000000000012,422.7000000000004,sl,-281.8000000000012,-1.0,loss,1316.4000000000017,512.9999999999995,0.0035486160397444
GBPNZD,M,bullish,direct_touch,2015-04-01,2015-05-01,2016-06-24 01:00:00,2016-06-24 02:00:00,2016-06-27 11:00:00,3.375,1.98353,1.93052,1.93712,530.1,65.99999999999939,12.450481041312845,3,3D,1.93584,1.8687066666666667,2.03654,1.8687066666666667,1.5,671.3333333333327,1007.0,sl,-671.3333333333327,-1.0,loss,814.3999999999995,728.5999999999992,0.1489572989076466
GBPNZD,M,bullish,direct_touch,2014-04-01,2014-05-01,2016-06-24 03:00:00,2016-06-24 03:00:00,2016-06-24 04:00:00,0.0416666666666666,1.9208,1.90846,1.9136,123.4,51.399999999999224,41.65316045380813,5,H4,1.91136,1.89684,1.93314,1.89684,1.5,145.20000000000087,217.80000000000132,sl,-145.20000000000087,-1.0,loss,260.0000000000002,227.59999999999891,0.6887052341597755
AUDJPY,M,bearish,direct_touch,2016-04-01,2016-05-02,2016-12-12 06:00:00,2016-12-12 08:00:00,2016-12-15 00:00:00,2.6666666666666665,86.2075,86.707,86.482,49.95,22.49999999999943,45.045045045043906,2,H4,86.45,87.05,85.708,87.05,1.2366666666666857,59.99999999999943,74.20000000000044,sl,-59.99999999999943,-1.0,loss,40.00000000000057,75.30000000000001,0.0166666666666668
USDCHF,M,bearish,direct_touch,2015-12-01,2016-01-01,2016-12-15 11:00:00,2016-12-15 11:00:00,2016-12-16 16:00:00,1.2083333333333333,1.02894,1.03283,1.0308,38.9,20.299999999999763,52.18508997429245,2,H4,1.03148,1.03748,1.02505,1.02505,1.071666666666655,60.00000000000005,64.29999999999936,tp,64.29999999999936,1.071666666666655,win,73.39999999999903,28.799999999999937,1.6666666666666654
CADCHF,M,bullish,direct_touch,2016-11-01,2016-12-01,2017-03-27 07:00:00,2017-04-25 15:00:00,2017-07-27 09:00:00,92.75,0.73764,0.70614,0.73492,315.0,287.80000000000024,91.36507936507944,9,D,0.72972,0.70299,0.7691399999999999,0.7691399999999999,1.4747474747474691,267.3000000000003,394.19999999999897,tp,394.19999999999897,1.4747474747474691,win,418.6999999999996,172.20000000000013,0.3741114852225959
EURJPY,M,bearish,direct_touch,2017-01-02,2017-02-01,2017-05-04 07:00:00,2017-05-05 14:00:00,2017-05-15 13:00:00,9.958333333333334,123.086,124.0975,123.726,101.15,37.14999999999975,36.72763222936209,3,H4,123.762,124.887,122.0745,124.887,1.5,112.5,168.75,sl,-112.5,-1.0,loss,77.40000000000009,113.40000000000003,0.0088888888888888
AUDUSD,M,bearish,direct_touch,2017-03-01,2017-04-03,2017-06-29 01:00:00,2017-07-14 06:00:00,2017-07-18 02:00:00,3.8333333333333335,0.76572,0.77497,0.77408,92.5,8.900000000000574,9.621621621622245,2,D,0.77478,0.7869866666666667,0.75647,0.7869866666666667,1.5,122.066666666667,183.10000000000048,sl,-122.066666666667,-1.0,loss,5.399999999999849,147.59999999999994,0.819224467504094
EURUSD,M,bearish,direct_touch,2016-05-02,2016-06-01,2017-07-11 17:00:00,2017-07-18 01:00:00,2017-07-20 14:00:00,2.5416666666666665,1.14488,1.16164,1.1465,167.6,151.3999999999993,90.3341288782812,4,H4,1.15028,1.1650533333333335,1.1281199999999998,1.1650533333333335,1.5,147.73333333333525,221.60000000000176,sl,-147.73333333333525,-1.0,loss,23.400000000000087,155.40000000000109,0.676895306859197
USDCAD,M,bullish,direct_touch,2016-05-02,2016-06-01,2017-07-20 14:00:00,2017-07-26 19:00:00,2017-08-04 14:00:00,8.791666666666666,1.25541,1.2461,1.24982,93.1,37.199999999999456,39.95703544575666,1,H1,1.2471,1.2353533333333335,1.2647199999999998,1.2647199999999998,1.5,117.46666666666572,176.19999999999746,tp,176.19999999999746,1.4999999999999905,win,196.3999999999988,57.300000000000125,0.851305334846772
NZDJPY,M,bearish,direct_touch,2017-02-01,2017-03-01,2017-06-30 18:00:00,2017-07-26 22:00:00,2017-08-08 13:00:00,12.625,82.476,83.806,82.693,133.0,111.29999999999995,83.68421052631575,9,W,83.642,85.306,81.146,81.146,1.5,166.40000000000015,249.5999999999995,tp,249.5999999999995,1.4999999999999958,win,263.1999999999991,26.900000000000546,0.0060096153846153
CADJPY,M,bearish,direct_touch,2017-08-01,2017-09-01,2017-09-01 00:00:00,2017-09-06 14:00:00,2017-09-15 09:00:00,8.791666666666666,88.352,89.728,88.649,137.6,107.89999999999937,78.41569767441814,9,3D,89.528,91.22933333333334,86.976,91.22933333333334,1.5,170.13333333333378,255.20000000000067,sl,-170.13333333333378,-1.0,loss,165.2000000000001,204.6999999999997,0.0058777429467084
AUDUSD,M,bearish,direct_touch,2017-08-01,2017-09-01,2017-09-05 12:00:00,2017-09-07 23:00:00,2017-09-18 18:00:00,10.791666666666666,0.80034,0.80658,0.8043,62.4,22.79999999999949,36.53846153846072,2,H4,0.80551,0.8131166666666666,0.7941,0.7941,1.5,76.0666666666665,114.0999999999992,tp,114.0999999999992,1.499999999999993,win,115.19999999999976,70.10000000000072,1.31463628396144
AUDUSD,M,bearish,direct_touch,2015-05-01,2015-06-01,2017-07-18 04:00:00,2017-09-08 06:00:00,2017-10-27 00:00:00,48.75,0.79056,0.81636,0.80756,258.0,88.0000000000003,34.10852713178306,5,D,0.81242,0.8441933333333334,0.76476,0.76476,1.5,317.7333333333332,476.6000000000003,tp,476.6000000000003,1.5000000000000018,win,480.9000000000008,0.99999999999989,0.3147293327738146
AUDJPY,M,bearish,direct_touch,2017-08-01,2017-09-01,2017-09-12 08:00:00,2017-09-19 16:00:00,2017-10-27 03:00:00,37.458333333333336,88.2385,89.424,88.704,118.55,72.00000000000131,60.73386756642877,3,H4,89.423,91.003,87.053,87.053,1.5,157.99999999999983,237.00000000000043,tp,237.00000000000043,1.5000000000000044,win,237.30000000000047,88.2000000000005,0.0063291139240506
EURCHF,M,bearish,direct_touch,2017-12-01,2018-01-01,2018-01-02 00:00:00,2018-01-03 12:00:00,2018-01-12 13:00:00,9.041666666666666,1.17077,1.17773,1.17233,69.6,53.999999999998494,77.58620689654956,3,H4,1.17352,1.1799933333333332,1.16381,1.1799933333333332,1.5,64.7333333333333,97.09999999999884,sl,-64.7333333333333,-1.0,loss,51.399999999999224,65.00000000000172,1.5447991761071067
GBPCHF,M,bearish,direct_touch,2017-12-01,2018-01-01,2018-01-09 11:00:00,2018-01-22 20:00:00,2018-01-30 07:00:00,7.458333333333333,1.33048,1.34696,1.333,164.8,139.5999999999997,84.7087378640775,2,H4,1.34598,1.3673,1.314,1.314,1.5,213.20000000000005,319.79999999999893,tp,319.79999999999893,1.499999999999995,win,339.0000000000004,32.30000000000066,0.4690431519699811
GBPAUD,M,bearish,direct_touch,2017-12-01,2018-01-01,2018-02-08 12:00:00,2018-02-08 15:00:00,2018-02-09 11:00:00,0.8333333333333334,1.78792,1.79975,1.789,118.3,107.50000000000036,90.87066779374504,1,H4,1.7992,1.8146066666666665,1.77609,1.77609,1.5,154.06666666666567,231.0999999999996,tp,231.0999999999996,1.500000000000007,win,236.60000000000016,7.700000000001595,0.6490696668109086
NZDUSD,M,bullish,direct_touch,2016-06-01,2016-07-01,2018-06-28 06:00:00,2018-07-03 01:00:00,2018-07-09 11:00:00,6.416666666666667,0.67633,0.66758,0.67604,87.5,84.60000000000022,96.68571428571454,7,W,0.66876,0.65788,0.68508,0.68508,1.5,108.8,163.20000000000002,tp,163.20000000000002,1.5000000000000002,win,171.89999999999927,0.0,0.9191176470588236
USDCHF,M,bearish,direct_touch,2018-05-01,2018-06-01,2018-06-01 13:00:00,2018-07-13 07:00:00,2018-08-28 11:00:00,46.166666666666664,0.99087,1.00573,0.9921,148.6,136.3000000000003,91.7227456258414,21,W,1.00416,1.0229266666666663,0.97601,0.97601,1.5,187.666666666666,281.499999999999,tp,281.499999999999,1.5,win,285.1999999999999,26.200000000000667,0.5328596802841938
GBPUSD,M,bullish,direct_touch,2017-11-01,2017-12-01,2018-05-29 06:00:00,2018-07-18 08:00:00,2018-08-14 16:00:00,27.333333333333332,1.32837,1.30272,1.30396,256.5,12.399999999999078,4.83430799220237,3,3D,1.30426,1.2710866666666667,1.35402,1.2710866666666667,1.5,331.7333333333328,497.60000000000025,sl,-331.7333333333328,-1.0,loss,170.39999999999944,337.0000000000006,0.301446945337621
NZDUSD,M,bullish,direct_touch,2018-07-02,2018-08-01,2018-08-02 05:00:00,2018-08-08 21:00:00,2018-08-09 14:00:00,0.7083333333333334,0.67746,0.66876,0.6736,86.99999999999999,48.39999999999955,55.63218390804548,7,3D,0.67198,0.6625266666666667,0.68616,0.6625266666666667,1.5,94.53333333333312,141.7999999999997,sl,-94.53333333333312,-1.0,loss,31.70000000000006,100.50000000000004,1.057827926657266
AUDUSD,M,bullish,direct_touch,2018-07-02,2018-08-01,2018-08-01 05:00:00,2018-08-10 05:00:00,2018-08-15 03:00:00,4.916666666666667,0.7407,0.73106,0.73231,96.4,12.499999999999734,12.966804979252837,4,3D,0.73227,0.7202233333333333,0.75034,0.7202233333333333,1.5,120.4666666666665,180.7000000000003,sl,-120.4666666666665,-1.0,loss,34.80000000000039,120.50000000000004,0.8301051466519104
GBPUSD,M,bullish,direct_touch,2017-09-01,2017-10-02,2018-08-06 11:00:00,2018-08-10 06:00:00,2018-09-11 07:00:00,32.041666666666664,1.29304,1.27738,1.29053,156.6,131.49999999999994,83.97190293742015,6,3D,1.27798,1.2574999999999998,1.3087,1.3087,1.5,204.80000000000052,307.2000000000008,tp,307.2000000000008,1.5,win,308.20000000000067,117.9999999999981,0.4882812499999988
AUDJPY,M,bullish,direct_touch,2018-07-02,2018-08-01,2018-08-02 12:00:00,2018-08-10 13:00:00,2018-09-07 06:00:00,27.708333333333332,81.99,80.63,80.984,136.0,35.39999999999992,26.029411764705824,5,D,80.759,79.03166666666667,83.35,79.03166666666667,1.5,172.7333333333334,259.0999999999994,sl,-172.7333333333334,-1.0,loss,104.09999999999968,180.29999999999973,0.0057892705519104
AUDUSD,M,bullish,direct_touch,2017-01-02,2017-02-01,2018-08-31 15:00:00,2018-09-04 08:00:00,2018-09-07 16:00:00,3.3333333333333335,0.72016,0.71602,0.71926,41.39999999999999,32.400000000000205,78.26086956521789,6,W,0.71638,0.71038,0.7243,0.71038,1.3200000000000052,60.00000000000005,79.20000000000037,sl,-60.00000000000005,-1.0,loss,55.19999999999969,60.20000000000025,1.6666666666666654
AUDUSD,M,bullish,direct_touch,2018-09-03,2018-10-01,2018-10-02 07:00:00,2018-10-03 23:00:00,2018-11-07 11:00:00,34.5,0.71922,0.70853,0.71759,106.9,90.59999999999955,84.75210477081345,9,W,0.70983,0.6964433333333333,0.72991,0.72991,1.5,133.86666666666656,200.79999999999987,tp,200.79999999999987,1.5000000000000002,win,201.70000000000024,77.30000000000014,0.7470119521912356
GBPUSD,M,bullish,direct_touch,2018-09-03,2018-10-01,2018-10-02 09:00:00,2018-10-25 14:00:00,2018-12-10 16:00:00,46.083333333333336,1.29604,1.26622,1.2786,298.2,123.80000000000057,41.51576123407128,8,3D,1.28104,1.2511599999999998,1.32586,1.2511599999999998,1.5,298.80000000000126,448.2000000000008,sl,-298.80000000000126,-1.0,loss,364.7,303.7999999999985,0.3346720214190079
NZDCAD,M,bearish,direct_touch,2019-01-01,2019-02-01,2019-03-11 14:00:00,2019-03-21 21:00:00,2019-04-01 16:00:00,10.791666666666666,0.91628,0.9257,0.91648,94.2,92.20000000000006,97.87685774946928,8,3D,0.92408,0.93556,0.90686,0.90686,1.5,114.80000000000044,172.20000000000013,tp,172.20000000000013,1.4999999999999951,win,173.99999999999972,40.99999999999992,0.8710801393728188
EURGBP,M,bullish,direct_touch,2019-03-01,2019-04-01,2019-04-01 10:00:00,2019-04-01 15:00:00,2019-04-17 08:00:00,15.708333333333334,0.85746,0.84726,0.85294,102.0,56.80000000000018,55.6862745098041,4,H4,0.85292,0.8430933333333334,0.86766,0.86766,1.5,98.2666666666665,147.39999999999975,tp,147.39999999999975,1.5,win,151.20000000000022,26.599999999999955,1.0176390773405717
GBPCHF,M,bearish,direct_touch,2019-03-01,2019-04-01,2019-04-23 08:00:00,2019-05-03 14:00:00,2019-05-13 15:00:00,10.041666666666666,1.32358,1.34253,1.33328,189.5,92.4999999999998,48.81266490765161,9,D,1.33328,1.35238,1.30463,1.30463,1.5,191.00000000000117,286.5000000000006,tp,286.5000000000006,1.4999999999999942,win,300.40000000000066,67.39999999999968,0.5235602094240805
GBPAUD,M,bearish,direct_touch,2019-03-01,2019-04-01,2019-05-03 14:00:00,2019-05-05 21:00:00,2019-05-15 14:00:00,9.708333333333334,1.86952,1.88632,1.87252,167.99999999999997,138.00000000000034,82.14285714285735,4,D,1.88533,1.90707,1.85272,1.85272,1.5,217.3999999999987,326.09999999999803,tp,326.09999999999803,1.5,win,342.4999999999989,30.49999999999997,0.4599816007359733
NZDJPY,M,bullish,direct_touch,2019-06-03,2019-07-01,2019-08-01 17:00:00,2019-08-01 17:00:00,2019-08-02 07:00:00,0.5833333333333334,70.688,70.269,70.676,41.9,40.69999999999965,97.13603818615668,6,H4,70.49,69.89,71.107,69.89,1.0283333333333504,59.99999999999943,61.70000000000044,sl,-59.99999999999943,-1.0,loss,62.60000000000048,72.59999999999991,0.0166666666666668
GBPCHF,M,bullish,direct_touch,2016-11-01,2016-12-01,2019-07-30 01:00:00,2019-08-02 14:00:00,2019-10-15 14:00:00,74.0,1.21084,1.14678,1.19002,640.6,432.4000000000016,67.49921948173613,2,D,1.19128,1.1355333333333333,1.2749,1.2749,1.5,557.4666666666661,836.2000000000003,tp,836.2000000000003,1.500000000000002,win,863.4000000000008,237.1999999999996,0.1793829227457548
EURNZD,M,bearish,direct_touch,2019-06-03,2019-07-01,2019-08-05 01:00:00,2019-08-07 02:00:00,2019-08-07 03:00:00,0.0416666666666666,1.70872,1.73075,1.71971,220.3,110.39999999999938,50.11348161597793,8,D,1.727,1.7538733333333334,1.68669,1.7538733333333334,1.5,268.733333333333,403.10000000000065,sl,-268.733333333333,-1.0,loss,142.4000000000003,304.79999999999836,0.3721161002232701
NZDCAD,M,bullish,direct_touch,2018-10-01,2018-11-01,2019-08-07 02:00:00,2019-09-20 10:00:00,2019-12-27 15:00:00,98.20833333333331,0.85504,0.83222,0.84951,228.2,172.90000000000026,75.76687116564429,19,W,0.83261,0.8024433333333333,0.87786,0.87786,1.5,301.66666666666674,452.5000000000001,tp,452.5000000000001,1.5,win,454.90000000000026,88.49999999999913,0.3314917127071822
AUDJPY,M,bearish,direct_touch,2019-11-01,2019-12-02,2019-12-02 14:00:00,2019-12-12 20:00:00,2020-01-30 03:00:00,48.291666666666664,74.477,75.674,75.295,119.7,37.90000000000049,31.66248955722681,3,D,75.561,77.08166666666668,73.28,73.28,1.5,152.06666666666706,228.1000000000006,tp,228.1000000000006,1.5,win,228.1000000000006,98.49999999999994,0.006576063130206
AUDUSD,M,bearish,direct_touch,2019-11-01,2019-12-02,2019-12-12 13:00:00,2019-12-12 22:00:00,2019-12-17 07:00:00,4.375,0.68942,0.69297,0.6928,35.5,1.7000000000000348,4.788732394366295,4,W,0.6928,0.6988,0.68587,0.68587,1.1549999999999976,60.00000000000005,69.29999999999991,tp,69.29999999999991,1.1549999999999976,win,70.79999999999976,10.900000000000354,1.6666666666666654
NZDJPY,M,bearish,direct_touch,2019-07-01,2019-08-01,2019-12-13 01:00:00,2019-12-13 06:00:00,2019-12-27 11:00:00,14.208333333333334,72.465,73.244,72.509,77.9,73.49999999999994,94.35173299101405,9,H4,72.575,73.3219,71.686,73.3219,1.1902530459231488,74.68999999999966,88.89999999999958,sl,-74.68999999999966,-1.0,loss,84.40000000000083,87.5,0.0133886731824876
GBPJPY,M,bearish,direct_touch,2019-05-01,2019-06-03,2019-12-13 07:00:00,2019-12-13 07:00:00,2019-12-18 01:00:00,4.75,145.291,147.197,146.51,190.6,68.70000000000118,36.04407135362077,9,W,146.387,148.38833333333335,143.385,143.385,1.5,200.13333333333492,300.20000000000095,tp,300.20000000000095,1.499999999999993,win,307.9000000000008,116.99999999999876,0.0049966688874083
CADJPY,M,bearish,direct_touch,2020-01-01,2020-02-03,2020-02-19 13:00:00,2020-02-20 09:00:00,2020-02-26 18:00:00,6.375,83.638,84.571,83.918,93.3,65.29999999999916,69.98928188638709,8,W,84.462,85.63333333333334,82.705,82.705,1.5,117.13333333333368,175.7000000000005,tp,175.7000000000005,1.5,win,177.20000000000056,28.300000000000125,0.008537279453614
GBPJPY,M,bearish,direct_touch,2020-01-01,2020-02-03,2020-02-19 19:00:00,2020-02-20 09:00:00,2020-02-28 03:00:00,7.75,144.117,147.96,144.61,384.3,334.99999999999943,87.17148061410342,13,W,144.534,148.3443,140.274,140.274,1.1180222029761375,381.0300000000012,425.9999999999991,tp,425.9999999999991,1.1180222029761375,win,431.4999999999998,42.70000000000209,0.0026244652652022
GBPAUD,M,bearish,direct_touch,2016-06-01,2016-07-01,2020-03-09 01:00:00,2020-03-09 01:00:00,2020-04-20 09:00:00,42.333333333333336,2.0024,2.05363,2.00793,512.3,457.00000000000074,89.20554362678133,9,W,2.04385,2.1056366666666664,1.9511700000000003,1.9511700000000003,1.5,617.8666666666643,926.7999999999964,tp,926.7999999999964,1.5,win,927.4999999999987,420.1999999999994,0.1618472162278815
GBPJPY,M,bullish,direct_touch,2020-04-01,2020-05-01,2020-05-01 12:00:00,2020-05-06 08:00:00,2021-01-28 14:00:00,267.25,133.542,124.044,131.912,949.8,786.8000000000009,82.8384923141715,12,W,131.944,123.0942,143.04,143.04,1.2538136455061153,884.9799999999988,1109.6000000000004,tp,1109.6000000000004,1.2538136455061153,win,1117.8000000000025,261.7999999999995,0.0011299690388483
NZDJPY,M,bullish,direct_touch,2020-04-01,2020-05-01,2020-05-06 14:00:00,2020-05-15 20:00:00,2020-06-02 13:00:00,17.708333333333332,64.092,59.502,63.084,459.0,358.20000000000005,78.03921568627453,6,W,63.504,59.043,68.682,68.682,1.1607262945527923,446.09999999999985,517.8000000000004,tp,517.8000000000004,1.160726294552792,win,525.8000000000003,2.1999999999998465,0.0022416498542927
NZDCAD,M,bearish,direct_touch,2020-01-01,2020-02-03,2020-06-05 01:00:00,2020-06-23 12:00:00,2020-07-02 11:00:00,8.958333333333334,0.87414,0.88006,0.87486,59.2,51.99999999999982,87.83783783783754,4,D,0.87987,0.8876366666666667,0.86822,0.8876366666666667,1.5,77.66666666666698,116.50000000000048,sl,-77.66666666666698,-1.0,loss,85.30000000000037,78.59999999999978,1.2875536480686642
USDJPY,M,bullish,direct_touch,2020-05-01,2020-06-01,2020-06-10 14:00:00,2020-07-24 13:00:00,2020-07-31 01:00:00,6.5,107.199,105.988,106.36,121.1,37.19999999999999,30.718414533443426,3,D,105.992,104.38,108.41,104.38,1.5,161.19999999999948,241.7999999999992,sl,-161.19999999999948,-1.0,loss,17.00000000000017,176.0000000000005,0.0062034739454094
EURCAD,M,bearish,direct_touch,2020-04-01,2020-05-01,2020-05-01 14:00:00,2020-07-27 11:00:00,2021-03-08 13:00:00,224.08333333333337,1.55147,1.59934,1.56179,478.7,375.4999999999997,78.44161270106532,9,W,1.57132,1.616466666666667,1.5035999999999998,1.5035999999999998,1.5,451.46666666666886,677.2000000000022,tp,677.2000000000022,1.4999999999999976,win,693.9000000000005,266.1000000000002,0.221500295333726
AUDUSD,M,bearish,direct_touch,2018-12-03,2019-01-01,2020-08-28 07:00:00,2020-08-31 14:00:00,2020-09-04 14:00:00,4.0,0.73101,0.73934,0.73444,83.3,49.00000000000015,58.82352941176489,4,D,0.73933,0.75043,0.7226800000000001,0.7226800000000001,1.5,111.0,166.49999999999943,tp,166.49999999999943,1.4999999999999951,win,171.10000000000068,20.49999999999996,0.9009009009009008
GBPAUD,M,bullish,direct_touch,2020-07-01,2020-08-03,2020-09-08 10:00:00,2020-09-10 12:00:00,2020-09-28 09:00:00,17.875,1.79645,1.76953,1.78692,269.2,173.90000000000015,64.59881129271923,5,H4,1.7786,1.7487533333333332,1.82337,1.82337,1.5,298.46666666666795,447.700000000002,tp,447.700000000002,1.5000000000000002,win,464.8000000000007,292.9000000000004,0.3350457895912427
GBPCHF,M,bullish,direct_touch,2020-07-01,2020-08-03,2020-09-10 12:00:00,2020-09-10 14:00:00,2020-09-28 05:00:00,17.625,1.17478,1.1631,1.1705,116.79999999999998,74.00000000000072,63.35616438356227,5,H4,1.17055,1.159943333333333,1.1864599999999998,1.1864599999999998,1.5,106.06666666666652,159.0999999999987,tp,159.0999999999987,1.4999999999999898,win,161.10000000000068,105.89999999999876,0.942803268384665
GBPNZD,M,bullish,direct_touch,2020-10-01,2020-11-02,2020-11-02 08:00:00,2020-11-26 10:00:00,2021-06-20 21:00:00,206.45833333333337,1.95262,1.90602,1.93244,466.0,264.19999999999885,56.69527896995684,7,W,1.90637,1.84447,1.99922,1.99922,1.5,619.0000000000007,928.5000000000008,tp,928.5000000000008,1.4999999999999998,win,1264.9,540.1999999999996,0.1615508885298867
AUDUSD,M,bearish,direct_touch,2020-09-01,2020-10-01,2020-11-27 04:00:00,2020-12-02 21:00:00,2020-12-09 09:00:00,6.5,0.73754,0.74138,0.74032,38.4,10.600000000000607,27.60416666666825,3,H4,0.74135,0.74735,0.7337,0.74735,1.274999999999988,60.00000000000005,76.49999999999935,sl,-60.00000000000005,-1.0,loss,40.99999999999992,62.699999999999974,1.6666666666666654
AUDUSD,M,bearish,direct_touch,2018-06-01,2018-07-02,2020-12-11 04:00:00,2020-12-30 10:00:00,2021-01-06 09:00:00,6.958333333333333,0.75678,0.76766,0.76057,108.8,70.9000000000004,65.16544117647096,11,3D,0.76666,0.7805,0.7459,0.7805,1.5,138.39999999999964,207.6,sl,-138.39999999999964,-1.0,loss,23.999999999999577,143.40000000000018,0.722543352601158
AUDUSD,M,bearish,direct_touch,2021-01-01,2021-02-01,2021-02-08 14:00:00,2021-02-11 13:00:00,2021-02-22 00:00:00,10.458333333333334,0.76926,0.78201,0.77422,127.5,77.89999999999964,61.09803921568599,9,W,0.77638,0.7896266666666666,0.75651,0.7896266666666666,1.5,132.46666666666627,198.69999999999945,sl,-132.46666666666627,-1.0,loss,45.399999999999885,134.80000000000047,0.7549068948163082
USDCAD,M,bullish,direct_touch,2021-01-01,2021-02-01,2021-02-09 00:00:00,2021-02-15 16:00:00,2021-02-25 13:00:00,9.875,1.27342,1.2589,1.26882,145.2,99.20000000000152,68.31955922865117,1,H4,1.26348,1.2471733333333332,1.28794,1.2471733333333332,1.5,163.06666666666692,244.60000000000147,sl,-163.06666666666692,-1.0,loss,111.60000000000058,166.80000000000027,0.6132461161079303
NZDCHF,M,bearish,direct_touch,2020-01-01,2020-02-03,2021-02-19 12:00:00,2021-02-19 21:00:00,2021-02-23 16:00:00,3.7916666666666665,0.65118,0.65524,0.65232,40.6,29.200000000000337,71.92118226601067,8,W,0.65466,0.66066,0.64712,0.66066,1.2566666666666642,60.00000000000005,75.3999999999999,sl,-60.00000000000005,-1.0,loss,13.80000000000048,72.29999999999959,1.6666666666666654
NZDCHF,M,bearish,direct_touch,2019-07-01,2019-08-01,2021-02-22 00:00:00,2021-02-24 01:00:00,2021-05-21 02:00:00,86.04166666666667,0.65581,0.66721,0.65976,114.0,74.49999999999956,65.35087719298207,12,W,0.66692,0.6819266666666666,0.64441,0.64441,1.5,150.06666666666612,225.09999999999917,tp,225.09999999999917,1.5,win,226.89999999999984,98.10000000000096,0.666370501999114
NZDJPY,M,bearish,direct_touch,2018-12-03,2019-01-01,2021-02-24 08:00:00,2021-02-24 20:00:00,2021-02-26 20:00:00,2.0,77.98,78.864,78.176,88.4,68.80000000000024,77.8280542986428,6,D,78.81,79.95266666666667,77.096,77.096,1.5,114.26666666666704,171.39999999999986,tp,171.39999999999986,1.4999999999999938,win,181.60000000000025,40.500000000000114,0.0087514585764293
GBPCHF,M,bearish,direct_touch,2019-12-02,2020-01-01,2021-03-04 15:00:00,2021-04-05 08:00:00,2021-07-19 13:00:00,105.20833333333331,1.29386,1.33126,1.29492,374.0,363.4000000000004,97.16577540106962,7,H4,1.30646,1.3397933333333334,1.25646,1.25646,1.5,333.33333333333434,500.0000000000004,tp,500.0000000000004,1.499999999999997,win,500.3000000000002,9.799999999999809,0.2999999999999991
GBPJPY,M,bearish,direct_touch,2021-04-01,2021-05-03,2021-05-10 00:00:00,2021-05-10 07:00:00,2021-05-17 20:00:00,7.541666666666667,152.578,153.416,152.783,83.8,63.30000000000098,75.53699284009664,3,D,153.368,154.45333333333332,151.74,154.45333333333332,1.5,108.5333333333324,162.7999999999986,sl,-108.5333333333324,-1.0,loss,25.199999999998113,110.30000000000086,0.0092137592137592
GBPJPY,M,bearish,direct_touch,2018-05-01,2018-06-01,2021-03-04 15:00:00,2021-05-10 12:00:00,2021-10-20 00:00:00,162.5,150.504,153.855,150.637,335.09999999999997,321.79999999999893,96.0310355117872,12,W,153.764,158.17133333333337,147.153,158.17133333333337,1.5,440.7333333333355,661.1000000000018,sl,-440.7333333333355,-1.0,loss,530.5000000000007,445.1999999999998,0.0022689456965663
AUDUSD,M,bullish,direct_touch,2021-04-01,2021-05-03,2021-06-17 08:00:00,2021-06-17 16:00:00,2021-07-02 06:00:00,14.583333333333334,0.75964,0.75321,0.75632,64.3,31.09999999999946,48.36702954898828,4,H4,0.75404,0.74602,0.76607,0.74602,1.5,80.20000000000027,120.29999999999984,sl,-80.20000000000027,-1.0,loss,76.19999999999959,80.90000000000042,1.2468827930174522
GBPNZD,M,bearish,direct_touch,2020-09-01,2020-10-01,2021-06-16 18:00:00,2021-06-20 21:00:00,2021-09-02 12:00:00,73.625,1.98535,2.02714,1.99304,417.9,341.0000000000024,81.59846853314248,16,D,2.00892,2.052493333333333,1.94356,1.94356,1.5,435.7333333333324,653.5999999999985,tp,653.5999999999985,1.5,win,668.3999999999978,239.40000000000072,0.2294981640146884
EURUSD,M,bullish,direct_touch,2021-07-01,2021-08-02,2021-08-03 15:00:00,2021-08-06 14:00:00,2021-09-29 14:00:00,54.0,1.18566,1.17518,1.18451,104.8,93.3000000000006,89.02671755725248,6,W,1.17635,1.1631566666666666,1.19614,1.1631566666666666,1.5,131.9333333333339,197.89999999999972,sl,-131.9333333333339,-1.0,loss,145.6999999999997,152.49999999999986,0.7579585649317805
GBPUSD,M,bullish,direct_touch,2021-07-01,2021-08-02,2021-08-10 16:00:00,2021-08-17 14:00:00,2021-09-29 08:00:00,42.75,1.3831,1.3572,1.37865,259.0,214.4999999999997,82.8185328185327,9,D,1.37372,1.3502,1.409,1.3502,1.5,235.19999999999985,352.7999999999998,sl,-235.19999999999985,-1.0,loss,175.99999999999838,237.00000000000057,0.4251700680272112
USDJPY,M,bearish,direct_touch,2021-07-01,2021-08-02,2021-09-28 01:00:00,2021-09-28 12:00:00,2021-10-11 01:00:00,12.541666666666666,111.107,111.66,111.122,55.3,53.79999999999967,97.28752260397768,3,D,111.64,112.364,110.554,112.364,1.5,72.40000000000038,108.59999999999984,sl,-72.40000000000038,-1.0,loss,81.60000000000025,77.20000000000056,0.0138121546961325
USDJPY,M,bearish,direct_touch,2018-12-03,2019-01-01,2021-10-12 12:00:00,2021-10-15 05:00:00,2021-11-09 05:00:00,25.0,113.498,114.209,113.82,71.1,38.900000000001,54.711673699016885,3,H4,114.138,115.03866666666669,112.787,112.787,1.5,90.0666666666666,135.0999999999999,tp,135.0999999999999,1.5,win,141.2000000000006,56.09999999999928,0.0111028867505551
USDCAD,M,bearish,direct_touch,2021-10-01,2021-11-01,2021-11-22 14:00:00,2021-11-23 08:00:00,2021-12-15 19:00:00,22.458333333333332,1.26798,1.2896,1.2739,216.2,157.00000000000043,72.61794634597616,10,3D,1.2739,1.29226,1.24636,1.29226,1.5,183.5999999999993,275.39999999999895,sl,-183.5999999999993,-1.0,loss,137.30000000000018,198.39999999999856,0.5446623093681937
AUDUSD,M,bullish,direct_touch,2021-10-01,2021-11-01,2021-11-19 13:00:00,2021-11-25 23:00:00,2021-11-30 06:00:00,4.291666666666667,0.72272,0.71706,0.71921,56.6,21.49999999999985,37.98586572438136,5,D,0.71735,0.7099966666666667,0.72838,0.7099966666666667,1.5,73.53333333333323,110.29999999999984,sl,-73.53333333333323,-1.0,loss,16.69999999999949,80.80000000000086,1.3599274705349067
AUDUSD,M,bullish,direct_touch,2020-11-02,2020-12-01,2021-12-03 15:00:00,2021-12-03 20:00:00,2021-12-07 03:00:00,3.2916666666666665,0.70284,0.69912,0.70025,37.2,11.300000000000754,30.376344086023533,1,H4,0.69958,0.69358,0.70656,0.70656,1.16333333333333,60.00000000000005,69.79999999999986,tp,69.79999999999986,1.16333333333333,win,75.10000000000016,2.5999999999992696,1.6666666666666654
EURUSD,M,bullish,direct_touch,2021-12-01,2022-01-03,2022-01-03 04:00:00,2022-01-27 00:00:00,2022-02-10 16:00:00,14.666666666666666,1.13392,1.11861,1.12218,153.1,35.69999999999851,23.318092749835735,8,W,1.12347,1.1062966666666667,1.14923,1.14923,1.5,171.7333333333326,257.6,tp,257.6,1.5000000000000064,win,260.29999999999995,113.30000000000062,0.5822981366459652
AUDUSD,M,bullish,direct_touch,2021-12-01,2022-01-03,2022-01-24 10:00:00,2022-01-28 10:00:00,2022-02-23 09:00:00,25.958333333333332,0.71287,0.69932,0.70628,135.5,69.59999999999965,51.36531365313628,8,W,0.69987,0.68217,0.72642,0.72642,1.5,176.99999999999935,265.4999999999996,tp,265.4999999999996,1.500000000000003,win,268.8000000000001,31.09999999999946,0.5649717514124314
CADCHF,M,bearish,direct_touch,2018-11-01,2018-12-03,2022-05-04 10:00:00,2022-05-04 19:00:00,2022-05-16 12:00:00,11.708333333333334,0.76652,0.77201,0.76881,54.9,31.999999999999805,58.28779599271368,5,3D,0.77137,0.7782633333333333,0.76103,0.7782633333333333,1.5,68.93333333333307,103.40000000000016,sl,-68.93333333333307,-1.0,loss,100.29999999999984,71.70000000000009,1.4506769825918815
AUDCHF,M,bearish,direct_touch,2022-04-01,2022-05-02,2022-05-03 00:00:00,2022-05-05 03:00:00,2022-06-17 12:00:00,43.375,0.6906,0.70946,0.7069,188.59999999999997,25.600000000000065,13.573700954400886,4,3D,0.70693,0.7303899999999999,0.67174,0.67174,1.5,234.59999999999928,351.8999999999994,tp,351.8999999999994,1.5000000000000022,win,354.2999999999996,66.50000000000044,0.4262574595055427
GBPAUD,M,bullish,direct_touch,2022-04-01,2022-05-02,2022-05-03 04:00:00,2022-05-05 12:00:00,2022-09-23 14:00:00,141.08333333333334,1.75637,1.71744,1.73975,389.2999999999999,223.0999999999983,57.30798869766204,7,D,1.72056,1.6707333333333336,1.7953,1.6707333333333336,1.5,498.2666666666646,747.399999999998,sl,-498.2666666666646,-1.0,loss,643.6999999999981,547.200000000001,0.2006957452502015
GBPAUD,M,bullish,direct_touch,2022-06-01,2022-07-01,2022-07-06 01:00:00,2022-07-22 10:00:00,2022-09-23 13:00:00,63.125,1.7558,1.71792,1.7276,378.7999999999999,96.80000000000132,25.554382259768037,2,H4,1.72384,1.67728,1.79368,1.67728,1.5,465.59999999999934,698.399999999999,sl,-465.59999999999934,-1.0,loss,414.9999999999987,477.4000000000011,0.2147766323024058
EURCHF,M,bullish,direct_touch,2022-08-01,2022-09-01,2022-09-05 04:00:00,2022-09-13 16:00:00,2022-10-25 13:00:00,41.875,0.97302,0.95529,0.96997,177.29999999999998,146.80000000000027,82.79751833051341,8,D,0.96021,0.93985,0.99075,0.99075,1.5,203.60000000000045,305.4000000000001,tp,305.4000000000001,1.4999999999999971,win,316.8999999999999,194.40000000000012,0.4911591355599203
NZDJPY,M,bullish,direct_touch,2022-08-01,2022-09-01,2022-09-22 02:00:00,2022-09-22 08:00:00,2022-09-28 00:00:00,5.666666666666667,83.807,82.134,83.022,167.3,88.80000000000052,53.0783024506877,4,H4,83.004,81.35333333333334,85.48,81.35333333333334,1.5,165.0666666666666,247.5999999999999,sl,-165.0666666666666,-1.0,loss,205.9999999999988,167.00000000000017,0.0060581583198707
GBPAUD,M,bearish,direct_touch,2022-11-01,2022-12-01,2022-12-01 12:00:00,2022-12-05 16:00:00,2023-01-02 16:00:00,28.0,1.79273,1.82002,1.80696,272.9,130.6000000000007,47.8563576401615,5,W,1.81286,1.8444733333333332,1.76544,1.76544,1.5,316.1333333333327,474.20000000000016,tp,474.20000000000016,1.5000000000000036,win,476.9000000000001,147.39999999999975,0.3163222269084781
CADCHF,M,bullish,direct_touch,2021-01-01,2021-02-01,2022-12-02 08:00:00,2022-12-06 12:00:00,2022-12-14 19:00:00,8.291666666666666,0.69488,0.68626,0.68864,86.19999999999999,23.800000000000487,27.610208816705907,6,D,0.68891,0.6791833333333334,0.7035,0.6791833333333334,1.5,97.2666666666666,145.89999999999992,sl,-97.2666666666666,-1.0,loss,32.29999999999955,98.30000000000004,1.0281014393420158
NZDCAD,M,bearish,direct_touch,2022-04-01,2022-05-02,2022-12-07 10:00:00,2022-12-12 09:00:00,2022-12-22 13:00:00,10.166666666666666,0.86732,0.88089,0.87304,135.7,78.49999999999912,57.84819454679375,13,3D,0.87608,0.8909666666666666,0.85375,0.85375,1.5,148.86666666666602,223.2999999999996,tp,223.2999999999996,1.5000000000000038,win,234.99999999999963,57.59999999999987,0.6717420510523988
AUDCAD,M,bearish,direct_touch,2022-04-01,2022-05-02,2023-01-16 01:00:00,2023-01-25 06:00:00,2023-02-23 17:00:00,29.458333333333332,0.93596,0.95162,0.94626,156.6,53.600000000000314,34.227330779055116,7,D,0.94902,0.9681666666666666,0.9203,0.9203,1.5,191.46666666666644,287.19999999999965,tp,287.19999999999965,1.5,win,288.19999999999953,58.700000000000415,0.5222841225626748
AUDUSD,M,bearish,direct_touch,2022-08-01,2022-09-01,2023-01-13 08:00:00,2023-01-26 05:00:00,2023-02-16 15:00:00,21.416666666666668,0.69901,0.71368,0.70318,146.7,104.99999999999952,71.57464212678904,11,W,0.7125,0.7312733333333333,0.6843400000000001,0.6843400000000001,1.5,187.73333333333304,281.5999999999996,tp,281.5999999999996,1.5000000000000002,win,284.8000000000006,32.79999999999949,0.5326704545454553
EURUSD,M,bearish,direct_touch,2023-02-01,2023-03-01,2023-03-22 18:00:00,2023-04-13 00:00:00,2023-05-30 05:00:00,47.208333333333336,1.08632,1.1033,1.09296,169.79999999999998,103.40000000000016,60.89517078916382,5,D,1.10013,1.1206566666666669,1.06934,1.06934,1.5,205.26666666666804,307.90000000000094,tp,307.90000000000094,1.4999999999999944,win,320.10000000000093,94.3000000000005,0.4871711594673562
GBPUSD,M,bearish,direct_touch,2022-06-01,2022-07-01,2023-05-05 03:00:00,2023-05-08 10:00:00,2023-05-11 13:00:00,3.125,1.26019,1.2667,1.26168,65.1,50.20000000000024,77.11213517665168,7,W,1.266,1.2742133333333334,1.25368,1.25368,1.5,82.13333333333405,123.20000000000108,tp,123.20000000000108,1.5,win,151.7999999999997,20.000000000000018,1.217532467532457
GBPUSD,M,bearish,direct_touch,2023-05-01,2023-06-01,2023-06-09 06:00:00,2023-06-14 08:00:00,2023-06-15 15:00:00,1.2916666666666667,1.25678,1.268,1.25842,112.2,95.79999999999922,85.38324420677291,5,H4,1.26373,1.2758433333333334,1.24556,1.2758433333333334,1.5,121.1333333333342,181.7000000000002,sl,-121.1333333333342,-1.0,loss,22.599999999999287,128.20000000000053,0.8255365987892072
CADJPY,M,bearish,direct_touch,2022-11-01,2022-12-01,2023-06-26 14:00:00,2023-06-27 04:00:00,2023-07-06 15:00:00,9.458333333333334,109.166,110.356,109.311,119.0,104.49999999999876,87.81512605041912,6,H4,109.287,110.475,107.976,107.976,1.1035353535353705,118.79999999999882,131.1000000000007,tp,131.1000000000007,1.1035353535353705,win,145.50000000000125,22.099999999998943,0.0084175084175085
USDCHF,M,bullish,direct_touch,2023-05-01,2023-06-01,2023-06-15 14:00:00,2023-07-11 06:00:00,2023-07-12 14:00:00,1.3333333333333333,0.89442,0.88202,0.88519,124.0,31.70000000000006,25.56451612903231,2,H4,0.88387,0.8685700000000001,0.90682,0.8685700000000001,1.5,152.9999999999998,229.49999999999915,sl,-152.9999999999998,-1.0,loss,9.199999999999209,179.1000000000009,0.653594771241831
GBPJPY,M,bearish,direct_touch,2023-07-03,2023-08-01,2023-08-10 06:00:00,2023-08-10 13:00:00,2023-08-15 06:00:00,4.708333333333333,183.268,184.02,183.88,75.2,14.000000000001478,18.617021276597708,4,W,183.88,184.78933333333333,182.516,184.78933333333333,1.5,90.93333333333362,136.40000000000043,sl,-90.93333333333362,-1.0,loss,57.399999999998386,138.2000000000005,0.0109970674486803
NZDCAD,M,bullish,direct_touch,2023-07-03,2023-08-01,2023-08-02 02:00:00,2023-08-14 00:00:00,2023-11-15 02:00:00,93.08333333333331,0.81334,0.80296,0.81032,103.8,73.60000000000034,70.90558766859377,9,3D,0.8032,0.78952,0.82372,0.82372,1.5,136.80000000000024,205.19999999999985,tp,205.19999999999985,1.499999999999996,win,211.00000000000009,90.20000000000029,0.7309941520467824
AUDCAD,M,bearish,direct_touch,2023-08-01,2023-09-01,2023-11-01 18:00:00,2023-12-14 02:00:00,2024-09-27 12:00:00,288.4166666666667,0.88602,0.90567,0.88698,196.5,186.89999999999984,95.1145038167938,16,W,0.90481,0.9304366666666666,0.8663700000000001,0.9304366666666666,1.5,256.26666666666574,384.3999999999992,sl,-256.26666666666574,-1.0,loss,321.70000000000033,284.99999999999966,0.39021852237253
AUDCHF,M,bearish,direct_touch,2024-06-03,2024-07-01,2024-07-01 00:00:00,2024-07-01 13:00:00,2024-07-22 12:00:00,20.958333333333332,0.60034,0.60999,0.60107,96.5,89.20000000000039,92.43523316062216,13,H4,0.60224,0.610955,0.5906899999999999,0.5906899999999999,1.3253012048192798,87.15000000000028,115.5000000000006,tp,115.5000000000006,1.3253012048192798,win,115.60000000000014,60.40000000000045,1.147446930579457
EURAUD,M,bullish,direct_touch,2024-10-01,2024-11-01,2024-11-21 16:00:00,2024-11-22 09:00:00,2024-11-26 01:00:00,3.6666666666666665,1.6107,1.6005,1.60642,102.0,59.19999999999925,58.03921568627377,4,H4,1.60236,1.59,1.6209,1.6209,1.5,123.59999999999926,185.4,tp,185.4,1.500000000000009,win,187.5999999999989,56.79999999999907,0.8090614886731441
GBPNZD,M,bearish,direct_touch,2024-11-01,2024-12-02,2024-12-04 01:00:00,2024-12-05 13:00:00,2024-12-10 19:00:00,5.25,2.15815,2.18434,2.17788,261.9,64.60000000000132,24.665903016418984,4,3D,2.1739,2.2018600000000004,2.13196,2.2018600000000004,1.5,279.60000000000207,419.4000000000031,sl,-279.60000000000207,-1.0,loss,74.80000000000153,283.29999999999967,0.3576537911301833
